run, id, cycles, Branch direction mis, Load-use interlock, Correct
0, 0, 308919, 649, 654, TRUE

0, 1, 92622, 626, 672, TRUE

0, 2, 92617, 625, 668, TRUE

0, 3, 92592, 619, 664, TRUE

0, 4, 92587, 619, 665, TRUE

0, 5, 92604, 621, 663, TRUE

0, 6, 92596, 619, 664, TRUE

0, 7, 92606, 621, 664, TRUE

0, 8, 92592, 619, 665, TRUE

0, 9, 92596, 621, 663, TRUE

0, 10, 92596, 619, 664, TRUE

0, 11, 92606, 621, 664, TRUE

0, 12, 92592, 619, 665, TRUE

0, 13, 92596, 621, 663, TRUE

0, 14, 92596, 619, 664, TRUE

0, 15, 92606, 621, 664, TRUE

0, 16, 92592, 619, 665, TRUE

0, 17, 92596, 621, 663, TRUE

0, 18, 92596, 619, 664, TRUE

0, 19, 92606, 621, 664, TRUE

1, 0, 311324, 645, 653, TRUE

1, 1, 97419, 626, 670, TRUE

1, 2, 92604, 622, 666, TRUE

1, 3, 92604, 622, 665, TRUE

1, 4, 92595, 621, 663, TRUE

1, 5, 92597, 619, 664, TRUE

1, 6, 92607, 621, 664, TRUE

1, 7, 92593, 619, 664, TRUE

1, 8, 92607, 621, 664, TRUE

1, 9, 92593, 619, 664, TRUE

1, 10, 92607, 621, 664, TRUE

1, 11, 92593, 619, 664, TRUE

1, 12, 92607, 621, 664, TRUE

1, 13, 92593, 619, 664, TRUE

1, 14, 92607, 621, 664, TRUE

1, 15, 92593, 619, 664, TRUE

1, 16, 92607, 621, 664, TRUE

1, 17, 92593, 619, 664, TRUE

1, 18, 92607, 621, 664, TRUE

1, 19, 92593, 619, 664, TRUE

2, 0, 311331, 647, 649, TRUE

2, 1, 95025, 631, 663, TRUE

2, 2, 92612, 623, 663, TRUE

2, 3, 92606, 624, 660, TRUE

2, 4, 92590, 620, 659, TRUE

2, 5, 92604, 620, 660, TRUE

2, 6, 92599, 620, 659, TRUE

2, 7, 92604, 620, 660, TRUE

2, 8, 92599, 620, 659, TRUE

2, 9, 92604, 620, 660, TRUE

2, 10, 92599, 620, 659, TRUE

2, 11, 92604, 620, 660, TRUE

2, 12, 92599, 620, 659, TRUE

2, 13, 92604, 620, 660, TRUE

2, 14, 92599, 620, 659, TRUE

2, 15, 92604, 620, 660, TRUE

2, 16, 92599, 620, 659, TRUE

2, 17, 92604, 620, 660, TRUE

2, 18, 92599, 620, 659, TRUE

2, 19, 92604, 620, 660, TRUE

3, 0, 311320, 648, 647, TRUE

3, 1, 97418, 626, 664, TRUE

3, 2, 92616, 626, 662, TRUE

3, 3, 92600, 622, 660, TRUE

3, 4, 92592, 621, 658, TRUE

3, 5, 92593, 619, 659, TRUE

3, 6, 92606, 621, 659, TRUE

3, 7, 92592, 619, 660, TRUE

3, 8, 92593, 621, 658, TRUE

3, 9, 92593, 619, 659, TRUE

3, 10, 92606, 621, 659, TRUE

3, 11, 92592, 619, 660, TRUE

3, 12, 92593, 621, 658, TRUE

3, 13, 92593, 619, 659, TRUE

3, 14, 92606, 621, 659, TRUE

3, 15, 92592, 619, 660, TRUE

3, 16, 92593, 621, 658, TRUE

3, 17, 92593, 619, 659, TRUE

3, 18, 92606, 621, 659, TRUE

3, 19, 92592, 619, 660, TRUE

4, 0, 311337, 653, 654, TRUE

4, 1, 95029, 629, 669, TRUE

4, 2, 92612, 623, 668, TRUE

4, 3, 92606, 623, 665, TRUE

4, 4, 92593, 620, 664, TRUE

4, 5, 92596, 620, 665, TRUE

4, 6, 92598, 620, 664, TRUE

4, 7, 92596, 620, 665, TRUE

4, 8, 92598, 620, 664, TRUE

4, 9, 92596, 620, 665, TRUE

4, 10, 92598, 620, 664, TRUE

4, 11, 92596, 620, 665, TRUE

4, 12, 92598, 620, 664, TRUE

4, 13, 92596, 620, 665, TRUE

4, 14, 92598, 620, 664, TRUE

4, 15, 92596, 620, 665, TRUE

4, 16, 92598, 620, 664, TRUE

4, 17, 92596, 620, 665, TRUE

4, 18, 92598, 620, 664, TRUE

4, 19, 92596, 620, 665, TRUE

5, 0, 311338, 648, 648, TRUE

5, 1, 97420, 627, 664, TRUE

5, 2, 92619, 627, 662, TRUE

5, 3, 92603, 623, 660, TRUE

5, 4, 92592, 621, 658, TRUE

5, 5, 92593, 619, 659, TRUE

5, 6, 92606, 621, 659, TRUE

5, 7, 92592, 619, 660, TRUE

5, 8, 92593, 621, 658, TRUE

5, 9, 92593, 619, 659, TRUE

5, 10, 92606, 621, 659, TRUE

5, 11, 92592, 619, 660, TRUE

5, 12, 92593, 621, 658, TRUE

5, 13, 92593, 619, 659, TRUE

5, 14, 92606, 621, 659, TRUE

5, 15, 92592, 619, 660, TRUE

5, 16, 92593, 621, 658, TRUE

5, 17, 92593, 619, 659, TRUE

5, 18, 92606, 621, 659, TRUE

5, 19, 92592, 619, 660, TRUE

6, 0, 311327, 649, 646, TRUE

6, 1, 95035, 632, 664, TRUE

6, 2, 92612, 623, 663, TRUE

6, 3, 92603, 623, 660, TRUE

6, 4, 92590, 620, 659, TRUE

6, 5, 92604, 620, 660, TRUE

6, 6, 92599, 620, 659, TRUE

6, 7, 92604, 620, 660, TRUE

6, 8, 92599, 620, 659, TRUE

6, 9, 92604, 620, 660, TRUE

6, 10, 92599, 620, 659, TRUE

6, 11, 92604, 620, 660, TRUE

6, 12, 92599, 620, 659, TRUE

6, 13, 92604, 620, 660, TRUE

6, 14, 92599, 620, 659, TRUE

6, 15, 92604, 620, 660, TRUE

6, 16, 92599, 620, 659, TRUE

6, 17, 92604, 620, 660, TRUE

6, 18, 92599, 620, 659, TRUE

6, 19, 92604, 620, 660, TRUE

7, 0, 311338, 652, 651, TRUE

7, 1, 97437, 629, 668, TRUE

7, 2, 92612, 623, 668, TRUE

7, 3, 92606, 623, 665, TRUE

7, 4, 92593, 620, 664, TRUE

7, 5, 92604, 620, 665, TRUE

7, 6, 92602, 620, 664, TRUE

7, 7, 92604, 620, 665, TRUE

7, 8, 92602, 620, 664, TRUE

7, 9, 92604, 620, 665, TRUE

7, 10, 92602, 620, 664, TRUE

7, 11, 92604, 620, 665, TRUE

7, 12, 92602, 620, 664, TRUE

7, 13, 92604, 620, 665, TRUE

7, 14, 92602, 620, 664, TRUE

7, 15, 92604, 620, 665, TRUE

7, 16, 92602, 620, 664, TRUE

7, 17, 92604, 620, 665, TRUE

7, 18, 92602, 620, 664, TRUE

7, 19, 92604, 620, 665, TRUE

8, 0, 311343, 649, 649, TRUE

8, 1, 95022, 631, 663, TRUE

8, 2, 92606, 623, 662, TRUE

8, 3, 92599, 622, 661, TRUE

8, 4, 92596, 620, 660, TRUE

8, 5, 92596, 620, 660, TRUE

8, 6, 92597, 620, 660, TRUE

8, 7, 92596, 620, 660, TRUE

8, 8, 92597, 620, 660, TRUE

8, 9, 92596, 620, 660, TRUE

8, 10, 92597, 620, 660, TRUE

8, 11, 92596, 620, 660, TRUE

8, 12, 92597, 620, 660, TRUE

8, 13, 92596, 620, 660, TRUE

8, 14, 92597, 620, 660, TRUE

8, 15, 92596, 620, 660, TRUE

8, 16, 92597, 620, 660, TRUE

8, 17, 92596, 620, 660, TRUE

8, 18, 92597, 620, 660, TRUE

8, 19, 92596, 620, 660, TRUE

9, 0, 311337, 652, 654, TRUE

9, 1, 97437, 629, 669, TRUE

9, 2, 92612, 623, 668, TRUE

9, 3, 92606, 623, 665, TRUE

9, 4, 92593, 620, 664, TRUE

9, 5, 92604, 620, 665, TRUE

9, 6, 92602, 620, 664, TRUE

9, 7, 92604, 620, 665, TRUE

9, 8, 92602, 620, 664, TRUE

9, 9, 92604, 620, 665, TRUE

9, 10, 92602, 620, 664, TRUE

9, 11, 92604, 620, 665, TRUE

9, 12, 92602, 620, 664, TRUE

9, 13, 92604, 620, 665, TRUE

9, 14, 92602, 620, 664, TRUE

9, 15, 92604, 620, 665, TRUE

9, 16, 92602, 620, 664, TRUE

9, 17, 92604, 620, 665, TRUE

9, 18, 92602, 620, 664, TRUE

9, 19, 92604, 620, 665, TRUE

10, 0, 311338, 649, 651, TRUE

10, 1, 95023, 630, 669, TRUE

10, 2, 92603, 623, 668, TRUE

10, 3, 92603, 623, 666, TRUE

10, 4, 92596, 620, 665, TRUE

10, 5, 92595, 620, 665, TRUE

10, 6, 92596, 620, 665, TRUE

10, 7, 92595, 620, 665, TRUE

10, 8, 92596, 620, 665, TRUE

10, 9, 92595, 620, 665, TRUE

10, 10, 92596, 620, 665, TRUE

10, 11, 92595, 620, 665, TRUE

10, 12, 92596, 620, 665, TRUE

10, 13, 92595, 620, 665, TRUE

10, 14, 92596, 620, 665, TRUE

10, 15, 92595, 620, 665, TRUE

10, 16, 92596, 620, 665, TRUE

10, 17, 92595, 620, 665, TRUE

10, 18, 92596, 620, 665, TRUE

10, 19, 92595, 620, 665, TRUE

11, 0, 311337, 648, 649, TRUE

11, 1, 97424, 629, 663, TRUE

11, 2, 92606, 623, 662, TRUE

11, 3, 92610, 623, 661, TRUE

11, 4, 92594, 620, 659, TRUE

11, 5, 92604, 620, 660, TRUE

11, 6, 92599, 620, 659, TRUE

11, 7, 92604, 620, 660, TRUE

11, 8, 92599, 620, 659, TRUE

11, 9, 92604, 620, 660, TRUE

11, 10, 92599, 620, 659, TRUE

11, 11, 92604, 620, 660, TRUE

11, 12, 92599, 620, 659, TRUE

11, 13, 92604, 620, 660, TRUE

11, 14, 92599, 620, 659, TRUE

11, 15, 92604, 620, 660, TRUE

11, 16, 92599, 620, 659, TRUE

11, 17, 92604, 620, 660, TRUE

11, 18, 92599, 620, 659, TRUE

11, 19, 92604, 620, 660, TRUE

12, 0, 308914, 646, 648, TRUE

12, 1, 92635, 633, 666, TRUE

12, 2, 92606, 621, 663, TRUE

12, 3, 92595, 620, 660, TRUE

12, 4, 92606, 620, 660, TRUE

12, 5, 92597, 620, 659, TRUE

12, 6, 92606, 620, 660, TRUE

12, 7, 92597, 620, 659, TRUE

12, 8, 92606, 620, 660, TRUE

12, 9, 92597, 620, 659, TRUE

12, 10, 92606, 620, 660, TRUE

12, 11, 92597, 620, 659, TRUE

12, 12, 92606, 620, 660, TRUE

12, 13, 92597, 620, 659, TRUE

12, 14, 92606, 620, 660, TRUE

12, 15, 92597, 620, 659, TRUE

12, 16, 92606, 620, 660, TRUE

12, 17, 92597, 620, 659, TRUE

12, 18, 92606, 620, 660, TRUE

12, 19, 92597, 620, 659, TRUE

13, 0, 311328, 651, 649, TRUE

13, 1, 97423, 627, 664, TRUE

13, 2, 92622, 627, 663, TRUE

13, 3, 92602, 623, 661, TRUE

13, 4, 92598, 621, 659, TRUE

13, 5, 92601, 619, 659, TRUE

13, 6, 92592, 619, 660, TRUE

13, 7, 92593, 621, 658, TRUE

13, 8, 92593, 619, 659, TRUE

13, 9, 92606, 621, 659, TRUE

13, 10, 92592, 619, 660, TRUE

13, 11, 92593, 621, 658, TRUE

13, 12, 92593, 619, 659, TRUE

13, 13, 92606, 621, 659, TRUE

13, 14, 92592, 619, 660, TRUE

13, 15, 92593, 621, 658, TRUE

13, 16, 92593, 619, 659, TRUE

13, 17, 92606, 621, 659, TRUE

13, 18, 92592, 619, 660, TRUE

13, 19, 92593, 621, 658, TRUE

14, 0, 311333, 653, 652, TRUE

14, 1, 95024, 628, 671, TRUE

14, 2, 92609, 624, 668, TRUE

14, 3, 92612, 624, 666, TRUE

14, 4, 92598, 621, 665, TRUE

14, 5, 92599, 621, 665, TRUE

14, 6, 92599, 621, 665, TRUE

14, 7, 92599, 621, 665, TRUE

14, 8, 92599, 621, 665, TRUE

14, 9, 92599, 621, 665, TRUE

14, 10, 92599, 621, 665, TRUE

14, 11, 92599, 621, 665, TRUE

14, 12, 92599, 621, 665, TRUE

14, 13, 92599, 621, 665, TRUE

14, 14, 92599, 621, 665, TRUE

14, 15, 92599, 621, 665, TRUE

14, 16, 92599, 621, 665, TRUE

14, 17, 92599, 621, 665, TRUE

14, 18, 92599, 621, 665, TRUE

14, 19, 92599, 621, 665, TRUE

15, 0, 311324, 645, 654, TRUE

15, 1, 97422, 627, 671, TRUE

15, 2, 92604, 622, 666, TRUE

15, 3, 92604, 622, 665, TRUE

15, 4, 92595, 621, 663, TRUE

15, 5, 92597, 619, 664, TRUE

15, 6, 92607, 621, 664, TRUE

15, 7, 92593, 619, 664, TRUE

15, 8, 92607, 621, 664, TRUE

15, 9, 92593, 619, 664, TRUE

15, 10, 92607, 621, 664, TRUE

15, 11, 92593, 619, 664, TRUE

15, 12, 92607, 621, 664, TRUE

15, 13, 92593, 619, 664, TRUE

15, 14, 92607, 621, 664, TRUE

15, 15, 92593, 619, 664, TRUE

15, 16, 92607, 621, 664, TRUE

15, 17, 92593, 619, 664, TRUE

15, 18, 92607, 621, 664, TRUE

15, 19, 92593, 619, 664, TRUE

16, 0, 311338, 649, 647, TRUE

16, 1, 95012, 627, 664, TRUE

16, 2, 92619, 627, 662, TRUE

16, 3, 92603, 623, 660, TRUE

16, 4, 92592, 621, 658, TRUE

16, 5, 92593, 619, 659, TRUE

16, 6, 92600, 619, 659, TRUE

16, 7, 92591, 619, 659, TRUE

16, 8, 92599, 621, 659, TRUE

16, 9, 92601, 619, 659, TRUE

16, 10, 92590, 619, 659, TRUE

16, 11, 92599, 621, 659, TRUE

16, 12, 92601, 619, 659, TRUE

16, 13, 92590, 619, 659, TRUE

16, 14, 92599, 621, 659, TRUE

16, 15, 92601, 619, 659, TRUE

16, 16, 92590, 619, 659, TRUE

16, 17, 92599, 621, 659, TRUE

16, 18, 92601, 619, 659, TRUE

16, 19, 92590, 619, 659, TRUE

17, 0, 311338, 652, 649, TRUE

17, 1, 97421, 627, 664, TRUE

17, 2, 92616, 626, 661, TRUE

17, 3, 92603, 623, 660, TRUE

17, 4, 92592, 621, 658, TRUE

17, 5, 92593, 619, 659, TRUE

17, 6, 92606, 621, 659, TRUE

17, 7, 92592, 619, 660, TRUE

17, 8, 92593, 621, 658, TRUE

17, 9, 92593, 619, 659, TRUE

17, 10, 92606, 621, 659, TRUE

17, 11, 92592, 619, 660, TRUE

17, 12, 92593, 621, 658, TRUE

17, 13, 92593, 619, 659, TRUE

17, 14, 92606, 621, 659, TRUE

17, 15, 92592, 619, 660, TRUE

17, 16, 92593, 621, 658, TRUE

17, 17, 92593, 619, 659, TRUE

17, 18, 92606, 621, 659, TRUE

17, 19, 92592, 619, 660, TRUE

18, 0, 311331, 652, 651, TRUE

18, 1, 95035, 630, 669, TRUE

18, 2, 92612, 623, 668, TRUE

18, 3, 92606, 623, 665, TRUE

18, 4, 92593, 620, 664, TRUE

18, 5, 92604, 620, 665, TRUE

18, 6, 92602, 620, 664, TRUE

18, 7, 92604, 620, 665, TRUE

18, 8, 92602, 620, 664, TRUE

18, 9, 92604, 620, 665, TRUE

18, 10, 92602, 620, 664, TRUE

18, 11, 92604, 620, 665, TRUE

18, 12, 92602, 620, 664, TRUE

18, 13, 92604, 620, 665, TRUE

18, 14, 92602, 620, 664, TRUE

18, 15, 92604, 620, 665, TRUE

18, 16, 92602, 620, 664, TRUE

18, 17, 92604, 620, 665, TRUE

18, 18, 92602, 620, 664, TRUE

18, 19, 92604, 620, 665, TRUE

19, 0, 311333, 647, 646, TRUE

19, 1, 97425, 629, 663, TRUE

19, 2, 92603, 623, 663, TRUE

19, 3, 92603, 623, 661, TRUE

19, 4, 92596, 620, 660, TRUE

19, 5, 92596, 620, 660, TRUE

19, 6, 92597, 620, 660, TRUE

19, 7, 92596, 620, 660, TRUE

19, 8, 92597, 620, 660, TRUE

19, 9, 92596, 620, 660, TRUE

19, 10, 92597, 620, 660, TRUE

19, 11, 92596, 620, 660, TRUE

19, 12, 92597, 620, 660, TRUE

19, 13, 92596, 620, 660, TRUE

19, 14, 92597, 620, 660, TRUE

19, 15, 92596, 620, 660, TRUE

19, 16, 92597, 620, 660, TRUE

19, 17, 92596, 620, 660, TRUE

19, 18, 92597, 620, 660, TRUE

19, 19, 92596, 620, 660, TRUE

20, 0, 311346, 652, 648, TRUE

20, 1, 95013, 627, 664, TRUE

20, 2, 92619, 627, 662, TRUE

20, 3, 92603, 623, 660, TRUE

20, 4, 92592, 621, 658, TRUE

20, 5, 92593, 619, 659, TRUE

20, 6, 92606, 621, 659, TRUE

20, 7, 92592, 619, 660, TRUE

20, 8, 92593, 621, 658, TRUE

20, 9, 92593, 619, 659, TRUE

20, 10, 92606, 621, 659, TRUE

20, 11, 92592, 619, 660, TRUE

20, 12, 92593, 621, 658, TRUE

20, 13, 92593, 619, 659, TRUE

20, 14, 92606, 621, 659, TRUE

20, 15, 92592, 619, 660, TRUE

20, 16, 92593, 621, 658, TRUE

20, 17, 92593, 619, 659, TRUE

20, 18, 92606, 621, 659, TRUE

20, 19, 92592, 619, 660, TRUE

21, 0, 311322, 650, 646, TRUE

21, 1, 97442, 631, 663, TRUE

21, 2, 92612, 623, 663, TRUE

21, 3, 92603, 623, 660, TRUE

21, 4, 92590, 620, 659, TRUE

21, 5, 92604, 620, 660, TRUE

21, 6, 92599, 620, 659, TRUE

21, 7, 92604, 620, 660, TRUE

21, 8, 92599, 620, 659, TRUE

21, 9, 92604, 620, 660, TRUE

21, 10, 92599, 620, 659, TRUE

21, 11, 92604, 620, 660, TRUE

21, 12, 92599, 620, 659, TRUE

21, 13, 92604, 620, 660, TRUE

21, 14, 92599, 620, 659, TRUE

21, 15, 92604, 620, 660, TRUE

21, 16, 92599, 620, 659, TRUE

21, 17, 92604, 620, 660, TRUE

21, 18, 92599, 620, 659, TRUE

21, 19, 92604, 620, 660, TRUE

22, 0, 311327, 651, 652, TRUE

22, 1, 95016, 625, 669, TRUE

22, 2, 92616, 625, 667, TRUE

22, 3, 92601, 622, 665, TRUE

22, 4, 92598, 621, 664, TRUE

22, 5, 92593, 619, 665, TRUE

22, 6, 92598, 621, 664, TRUE

22, 7, 92589, 619, 664, TRUE

22, 8, 92599, 621, 664, TRUE

22, 9, 92593, 619, 665, TRUE

22, 10, 92598, 621, 664, TRUE

22, 11, 92589, 619, 664, TRUE

22, 12, 92599, 621, 664, TRUE

22, 13, 92593, 619, 665, TRUE

22, 14, 92598, 621, 664, TRUE

22, 15, 92589, 619, 664, TRUE

22, 16, 92599, 621, 664, TRUE

22, 17, 92593, 619, 665, TRUE

22, 18, 92598, 621, 664, TRUE

22, 19, 92589, 619, 664, TRUE

23, 0, 311339, 647, 649, TRUE

23, 1, 97430, 631, 663, TRUE

23, 2, 92606, 623, 662, TRUE

23, 3, 92613, 624, 661, TRUE

23, 4, 92594, 620, 659, TRUE

23, 5, 92604, 620, 660, TRUE

23, 6, 92599, 620, 659, TRUE

23, 7, 92604, 620, 660, TRUE

23, 8, 92599, 620, 659, TRUE

23, 9, 92604, 620, 660, TRUE

23, 10, 92599, 620, 659, TRUE

23, 11, 92604, 620, 660, TRUE

23, 12, 92599, 620, 659, TRUE

23, 13, 92604, 620, 660, TRUE

23, 14, 92599, 620, 659, TRUE

23, 15, 92604, 620, 660, TRUE

23, 16, 92599, 620, 659, TRUE

23, 17, 92604, 620, 660, TRUE

23, 18, 92599, 620, 659, TRUE

23, 19, 92604, 620, 660, TRUE

24, 0, 311328, 650, 649, TRUE

24, 1, 95032, 631, 664, TRUE

24, 2, 92612, 623, 663, TRUE

24, 3, 92606, 624, 660, TRUE

24, 4, 92590, 620, 659, TRUE

24, 5, 92604, 620, 660, TRUE

24, 6, 92599, 620, 659, TRUE

24, 7, 92604, 620, 660, TRUE

24, 8, 92599, 620, 659, TRUE

24, 9, 92604, 620, 660, TRUE

24, 10, 92599, 620, 659, TRUE

24, 11, 92604, 620, 660, TRUE

24, 12, 92599, 620, 659, TRUE

24, 13, 92604, 620, 660, TRUE

24, 14, 92599, 620, 659, TRUE

24, 15, 92604, 620, 660, TRUE

24, 16, 92599, 620, 659, TRUE

24, 17, 92604, 620, 660, TRUE

24, 18, 92599, 620, 659, TRUE

24, 19, 92604, 620, 660, TRUE

25, 0, 311325, 650, 649, TRUE

25, 1, 97436, 629, 663, TRUE

25, 2, 92612, 623, 663, TRUE

25, 3, 92606, 624, 660, TRUE

25, 4, 92590, 620, 659, TRUE

25, 5, 92604, 620, 660, TRUE

25, 6, 92599, 620, 659, TRUE

25, 7, 92604, 620, 660, TRUE

25, 8, 92599, 620, 659, TRUE

25, 9, 92604, 620, 660, TRUE

25, 10, 92599, 620, 659, TRUE

25, 11, 92604, 620, 660, TRUE

25, 12, 92599, 620, 659, TRUE

25, 13, 92604, 620, 660, TRUE

25, 14, 92599, 620, 659, TRUE

25, 15, 92604, 620, 660, TRUE

25, 16, 92599, 620, 659, TRUE

25, 17, 92604, 620, 660, TRUE

25, 18, 92599, 620, 659, TRUE

25, 19, 92604, 620, 660, TRUE

26, 0, 311330, 652, 648, TRUE

26, 1, 95013, 627, 664, TRUE

26, 2, 92619, 627, 662, TRUE

26, 3, 92603, 623, 660, TRUE

26, 4, 92592, 621, 658, TRUE

26, 5, 92593, 619, 659, TRUE

26, 6, 92606, 621, 659, TRUE

26, 7, 92592, 619, 660, TRUE

26, 8, 92593, 621, 658, TRUE

26, 9, 92593, 619, 659, TRUE

26, 10, 92606, 621, 659, TRUE

26, 11, 92592, 619, 660, TRUE

26, 12, 92593, 621, 658, TRUE

26, 13, 92593, 619, 659, TRUE

26, 14, 92606, 621, 659, TRUE

26, 15, 92592, 619, 660, TRUE

26, 16, 92593, 621, 658, TRUE

26, 17, 92593, 619, 659, TRUE

26, 18, 92606, 621, 659, TRUE

26, 19, 92592, 619, 660, TRUE

27, 0, 311339, 653, 654, TRUE

27, 1, 97437, 629, 669, TRUE

27, 2, 92612, 623, 668, TRUE

27, 3, 92606, 623, 665, TRUE

27, 4, 92593, 620, 664, TRUE

27, 5, 92604, 620, 665, TRUE

27, 6, 92602, 620, 664, TRUE

27, 7, 92604, 620, 665, TRUE

27, 8, 92602, 620, 664, TRUE

27, 9, 92604, 620, 665, TRUE

27, 10, 92602, 620, 664, TRUE

27, 11, 92604, 620, 665, TRUE

27, 12, 92602, 620, 664, TRUE

27, 13, 92604, 620, 665, TRUE

27, 14, 92602, 620, 664, TRUE

27, 15, 92604, 620, 665, TRUE

27, 16, 92602, 620, 664, TRUE

27, 17, 92604, 620, 665, TRUE

27, 18, 92602, 620, 664, TRUE

27, 19, 92604, 620, 665, TRUE

28, 0, 311320, 649, 649, TRUE

28, 1, 95012, 627, 664, TRUE

28, 2, 92619, 627, 662, TRUE

28, 3, 92603, 623, 660, TRUE

28, 4, 92592, 621, 658, TRUE

28, 5, 92593, 619, 659, TRUE

28, 6, 92600, 619, 659, TRUE

28, 7, 92591, 619, 659, TRUE

28, 8, 92599, 621, 659, TRUE

28, 9, 92601, 619, 659, TRUE

28, 10, 92590, 619, 659, TRUE

28, 11, 92599, 621, 659, TRUE

28, 12, 92601, 619, 659, TRUE

28, 13, 92590, 619, 659, TRUE

28, 14, 92599, 621, 659, TRUE

28, 15, 92601, 619, 659, TRUE

28, 16, 92590, 619, 659, TRUE

28, 17, 92599, 621, 659, TRUE

28, 18, 92601, 619, 659, TRUE

28, 19, 92590, 619, 659, TRUE

29, 0, 311325, 650, 648, TRUE

29, 1, 97425, 628, 664, TRUE

29, 2, 92622, 627, 663, TRUE

29, 3, 92602, 623, 661, TRUE

29, 4, 92598, 621, 659, TRUE

29, 5, 92601, 619, 659, TRUE

29, 6, 92592, 619, 660, TRUE

29, 7, 92593, 621, 658, TRUE

29, 8, 92593, 619, 659, TRUE

29, 9, 92606, 621, 659, TRUE

29, 10, 92592, 619, 660, TRUE

29, 11, 92593, 621, 658, TRUE

29, 12, 92593, 619, 659, TRUE

29, 13, 92606, 621, 659, TRUE

29, 14, 92592, 619, 660, TRUE

29, 15, 92593, 621, 658, TRUE

29, 16, 92593, 619, 659, TRUE

29, 17, 92606, 621, 659, TRUE

29, 18, 92592, 619, 660, TRUE

29, 19, 92593, 621, 658, TRUE

30, 0, 311322, 648, 651, TRUE

30, 1, 95015, 623, 671, TRUE

30, 2, 92615, 624, 670, TRUE

30, 3, 92608, 624, 665, TRUE

30, 4, 92595, 621, 663, TRUE

30, 5, 92597, 619, 664, TRUE

30, 6, 92607, 621, 664, TRUE

30, 7, 92593, 619, 664, TRUE

30, 8, 92607, 621, 664, TRUE

30, 9, 92593, 619, 664, TRUE

30, 10, 92607, 621, 664, TRUE

30, 11, 92593, 619, 664, TRUE

30, 12, 92607, 621, 664, TRUE

30, 13, 92593, 619, 664, TRUE

30, 14, 92607, 621, 664, TRUE

30, 15, 92593, 619, 664, TRUE

30, 16, 92607, 621, 664, TRUE

30, 17, 92593, 619, 664, TRUE

30, 18, 92607, 621, 664, TRUE

30, 19, 92593, 619, 664, TRUE

31, 0, 311341, 649, 646, TRUE

31, 1, 97428, 630, 663, TRUE

31, 2, 92603, 623, 663, TRUE

31, 3, 92603, 623, 661, TRUE

31, 4, 92596, 620, 660, TRUE

31, 5, 92596, 620, 660, TRUE

31, 6, 92597, 620, 660, TRUE

31, 7, 92596, 620, 660, TRUE

31, 8, 92597, 620, 660, TRUE

31, 9, 92596, 620, 660, TRUE

31, 10, 92597, 620, 660, TRUE

31, 11, 92596, 620, 660, TRUE

31, 12, 92597, 620, 660, TRUE

31, 13, 92596, 620, 660, TRUE

31, 14, 92597, 620, 660, TRUE

31, 15, 92596, 620, 660, TRUE

31, 16, 92597, 620, 660, TRUE

31, 17, 92596, 620, 660, TRUE

31, 18, 92597, 620, 660, TRUE

31, 19, 92596, 620, 660, TRUE

32, 0, 311325, 650, 649, TRUE

32, 1, 95035, 631, 664, TRUE

32, 2, 92612, 623, 663, TRUE

32, 3, 92603, 623, 660, TRUE

32, 4, 92590, 620, 659, TRUE

32, 5, 92604, 620, 660, TRUE

32, 6, 92599, 620, 659, TRUE

32, 7, 92604, 620, 660, TRUE

32, 8, 92599, 620, 659, TRUE

32, 9, 92604, 620, 660, TRUE

32, 10, 92599, 620, 659, TRUE

32, 11, 92604, 620, 660, TRUE

32, 12, 92599, 620, 659, TRUE

32, 13, 92604, 620, 660, TRUE

32, 14, 92599, 620, 659, TRUE

32, 15, 92604, 620, 660, TRUE

32, 16, 92599, 620, 659, TRUE

32, 17, 92604, 620, 660, TRUE

32, 18, 92599, 620, 659, TRUE

32, 19, 92604, 620, 660, TRUE

33, 0, 311334, 649, 646, TRUE

33, 1, 97445, 631, 664, TRUE

33, 2, 92612, 623, 663, TRUE

33, 3, 92606, 624, 660, TRUE

33, 4, 92590, 620, 659, TRUE

33, 5, 92604, 620, 660, TRUE

33, 6, 92599, 620, 659, TRUE

33, 7, 92604, 620, 660, TRUE

33, 8, 92599, 620, 659, TRUE

33, 9, 92604, 620, 660, TRUE

33, 10, 92599, 620, 659, TRUE

33, 11, 92604, 620, 660, TRUE

33, 12, 92599, 620, 659, TRUE

33, 13, 92604, 620, 660, TRUE

33, 14, 92599, 620, 659, TRUE

33, 15, 92604, 620, 660, TRUE

33, 16, 92599, 620, 659, TRUE

33, 17, 92604, 620, 660, TRUE

33, 18, 92599, 620, 659, TRUE

33, 19, 92604, 620, 660, TRUE

34, 0, 311331, 651, 649, TRUE

34, 1, 95032, 631, 664, TRUE

34, 2, 92612, 623, 663, TRUE

34, 3, 92606, 624, 660, TRUE

34, 4, 92590, 620, 659, TRUE

34, 5, 92596, 620, 660, TRUE

34, 6, 92595, 620, 659, TRUE

34, 7, 92596, 620, 660, TRUE

34, 8, 92595, 620, 659, TRUE

34, 9, 92596, 620, 660, TRUE

34, 10, 92595, 620, 659, TRUE

34, 11, 92596, 620, 660, TRUE

34, 12, 92595, 620, 659, TRUE

34, 13, 92596, 620, 660, TRUE

34, 14, 92595, 620, 659, TRUE

34, 15, 92596, 620, 660, TRUE

34, 16, 92595, 620, 659, TRUE

34, 17, 92596, 620, 660, TRUE

34, 18, 92595, 620, 659, TRUE

34, 19, 92596, 620, 660, TRUE

35, 0, 311345, 651, 652, TRUE

35, 1, 97437, 630, 663, TRUE

35, 2, 92612, 623, 663, TRUE

35, 3, 92606, 624, 660, TRUE

35, 4, 92590, 620, 659, TRUE

35, 5, 92604, 620, 660, TRUE

35, 6, 92599, 620, 659, TRUE

35, 7, 92604, 620, 660, TRUE

35, 8, 92599, 620, 659, TRUE

35, 9, 92604, 620, 660, TRUE

35, 10, 92599, 620, 659, TRUE

35, 11, 92604, 620, 660, TRUE

35, 12, 92599, 620, 659, TRUE

35, 13, 92604, 620, 660, TRUE

35, 14, 92599, 620, 659, TRUE

35, 15, 92604, 620, 660, TRUE

35, 16, 92599, 620, 659, TRUE

35, 17, 92604, 620, 660, TRUE

35, 18, 92599, 620, 659, TRUE

35, 19, 92604, 620, 660, TRUE

36, 0, 311326, 650, 649, TRUE

36, 1, 92620, 629, 664, TRUE

36, 2, 92611, 624, 662, TRUE

36, 3, 92602, 623, 661, TRUE

36, 4, 92598, 621, 659, TRUE

36, 5, 92601, 619, 659, TRUE

36, 6, 92592, 619, 660, TRUE

36, 7, 92593, 621, 658, TRUE

36, 8, 92593, 619, 659, TRUE

36, 9, 92606, 621, 659, TRUE

36, 10, 92592, 619, 660, TRUE

36, 11, 92593, 621, 658, TRUE

36, 12, 92593, 619, 659, TRUE

36, 13, 92606, 621, 659, TRUE

36, 14, 92592, 619, 660, TRUE

36, 15, 92593, 621, 658, TRUE

36, 16, 92593, 619, 659, TRUE

36, 17, 92606, 621, 659, TRUE

36, 18, 92592, 619, 660, TRUE

36, 19, 92593, 621, 658, TRUE

37, 0, 311319, 648, 646, TRUE

37, 1, 97419, 625, 664, TRUE

37, 2, 92615, 625, 662, TRUE

37, 3, 92601, 622, 661, TRUE

37, 4, 92592, 619, 660, TRUE

37, 5, 92590, 618, 659, TRUE

37, 6, 92593, 617, 660, TRUE

37, 7, 92594, 619, 659, TRUE

37, 8, 92606, 621, 659, TRUE

37, 9, 92592, 619, 660, TRUE

37, 10, 92593, 621, 658, TRUE

37, 11, 92593, 619, 659, TRUE

37, 12, 92606, 621, 659, TRUE

37, 13, 92592, 619, 660, TRUE

37, 14, 92593, 621, 658, TRUE

37, 15, 92593, 619, 659, TRUE

37, 16, 92606, 621, 659, TRUE

37, 17, 92592, 619, 660, TRUE

37, 18, 92593, 621, 658, TRUE

37, 19, 92593, 619, 659, TRUE

38, 0, 311331, 648, 646, TRUE

38, 1, 95013, 627, 664, TRUE

38, 2, 92619, 627, 662, TRUE

38, 3, 92603, 623, 660, TRUE

38, 4, 92592, 621, 658, TRUE

38, 5, 92593, 619, 659, TRUE

38, 6, 92606, 621, 659, TRUE

38, 7, 92592, 619, 660, TRUE

38, 8, 92593, 621, 658, TRUE

38, 9, 92593, 619, 659, TRUE

38, 10, 92606, 621, 659, TRUE

38, 11, 92592, 619, 660, TRUE

38, 12, 92593, 621, 658, TRUE

38, 13, 92593, 619, 659, TRUE

38, 14, 92606, 621, 659, TRUE

38, 15, 92592, 619, 660, TRUE

38, 16, 92593, 621, 658, TRUE

38, 17, 92593, 619, 659, TRUE

38, 18, 92606, 621, 659, TRUE

38, 19, 92592, 619, 660, TRUE

39, 0, 311324, 650, 652, TRUE

39, 1, 97425, 625, 669, TRUE

39, 2, 92622, 627, 667, TRUE

39, 3, 92603, 622, 665, TRUE

39, 4, 92595, 621, 663, TRUE

39, 5, 92596, 619, 664, TRUE

39, 6, 92606, 621, 664, TRUE

39, 7, 92592, 619, 665, TRUE

39, 8, 92596, 621, 663, TRUE

39, 9, 92596, 619, 664, TRUE

39, 10, 92606, 621, 664, TRUE

39, 11, 92592, 619, 665, TRUE

39, 12, 92596, 621, 663, TRUE

39, 13, 92596, 619, 664, TRUE

39, 14, 92606, 621, 664, TRUE

39, 15, 92592, 619, 665, TRUE

39, 16, 92596, 621, 663, TRUE

39, 17, 92596, 619, 664, TRUE

39, 18, 92606, 621, 664, TRUE

39, 19, 92592, 619, 665, TRUE

40, 0, 311337, 647, 648, TRUE

40, 1, 95015, 627, 664, TRUE

40, 2, 92622, 627, 663, TRUE

40, 3, 92602, 623, 661, TRUE

40, 4, 92598, 621, 659, TRUE

40, 5, 92601, 619, 659, TRUE

40, 6, 92590, 619, 659, TRUE

40, 7, 92599, 621, 659, TRUE

40, 8, 92601, 619, 659, TRUE

40, 9, 92590, 619, 659, TRUE

40, 10, 92599, 621, 659, TRUE

40, 11, 92601, 619, 659, TRUE

40, 12, 92590, 619, 659, TRUE

40, 13, 92599, 621, 659, TRUE

40, 14, 92601, 619, 659, TRUE

40, 15, 92590, 619, 659, TRUE

40, 16, 92599, 621, 659, TRUE

40, 17, 92601, 619, 659, TRUE

40, 18, 92590, 619, 659, TRUE

40, 19, 92599, 621, 659, TRUE

41, 0, 311320, 648, 646, TRUE

41, 1, 97437, 630, 663, TRUE

41, 2, 92612, 623, 663, TRUE

41, 3, 92603, 623, 660, TRUE

41, 4, 92590, 620, 659, TRUE

41, 5, 92604, 620, 660, TRUE

41, 6, 92599, 620, 659, TRUE

41, 7, 92604, 620, 660, TRUE

41, 8, 92599, 620, 659, TRUE

41, 9, 92604, 620, 660, TRUE

41, 10, 92599, 620, 659, TRUE

41, 11, 92604, 620, 660, TRUE

41, 12, 92599, 620, 659, TRUE

41, 13, 92604, 620, 660, TRUE

41, 14, 92599, 620, 659, TRUE

41, 15, 92604, 620, 660, TRUE

41, 16, 92599, 620, 659, TRUE

41, 17, 92604, 620, 660, TRUE

41, 18, 92599, 620, 659, TRUE

41, 19, 92604, 620, 660, TRUE

42, 0, 311337, 653, 649, TRUE

42, 1, 95013, 627, 664, TRUE

42, 2, 92616, 626, 661, TRUE

42, 3, 92603, 623, 660, TRUE

42, 4, 92592, 621, 658, TRUE

42, 5, 92593, 619, 659, TRUE

42, 6, 92606, 621, 659, TRUE

42, 7, 92592, 619, 660, TRUE

42, 8, 92593, 621, 658, TRUE

42, 9, 92593, 619, 659, TRUE

42, 10, 92606, 621, 659, TRUE

42, 11, 92592, 619, 660, TRUE

42, 12, 92593, 621, 658, TRUE

42, 13, 92593, 619, 659, TRUE

42, 14, 92606, 621, 659, TRUE

42, 15, 92592, 619, 660, TRUE

42, 16, 92593, 621, 658, TRUE

42, 17, 92593, 619, 659, TRUE

42, 18, 92606, 621, 659, TRUE

42, 19, 92592, 619, 660, TRUE

43, 0, 311349, 652, 655, TRUE

43, 1, 97437, 629, 669, TRUE

43, 2, 92612, 623, 668, TRUE

43, 3, 92606, 623, 665, TRUE

43, 4, 92593, 620, 664, TRUE

43, 5, 92604, 620, 665, TRUE

43, 6, 92602, 620, 664, TRUE

43, 7, 92604, 620, 665, TRUE

43, 8, 92602, 620, 664, TRUE

43, 9, 92604, 620, 665, TRUE

43, 10, 92602, 620, 664, TRUE

43, 11, 92604, 620, 665, TRUE

43, 12, 92602, 620, 664, TRUE

43, 13, 92604, 620, 665, TRUE

43, 14, 92602, 620, 664, TRUE

43, 15, 92604, 620, 665, TRUE

43, 16, 92602, 620, 664, TRUE

43, 17, 92604, 620, 665, TRUE

43, 18, 92602, 620, 664, TRUE

43, 19, 92604, 620, 665, TRUE

44, 0, 311321, 647, 647, TRUE

44, 1, 95015, 627, 664, TRUE

44, 2, 92620, 626, 663, TRUE

44, 3, 92602, 623, 661, TRUE

44, 4, 92598, 621, 659, TRUE

44, 5, 92601, 619, 659, TRUE

44, 6, 92592, 619, 660, TRUE

44, 7, 92593, 621, 658, TRUE

44, 8, 92593, 619, 659, TRUE

44, 9, 92606, 621, 659, TRUE

44, 10, 92592, 619, 660, TRUE

44, 11, 92593, 621, 658, TRUE

44, 12, 92593, 619, 659, TRUE

44, 13, 92606, 621, 659, TRUE

44, 14, 92592, 619, 660, TRUE

44, 15, 92593, 621, 658, TRUE

44, 16, 92593, 619, 659, TRUE

44, 17, 92606, 621, 659, TRUE

44, 18, 92592, 619, 660, TRUE

44, 19, 92593, 621, 658, TRUE

45, 0, 311330, 650, 654, TRUE

45, 1, 97422, 625, 669, TRUE

45, 2, 92606, 623, 667, TRUE

45, 3, 92612, 624, 666, TRUE

45, 4, 92598, 621, 665, TRUE

45, 5, 92599, 621, 665, TRUE

45, 6, 92599, 621, 665, TRUE

45, 7, 92599, 621, 665, TRUE

45, 8, 92599, 621, 665, TRUE

45, 9, 92599, 621, 665, TRUE

45, 10, 92599, 621, 665, TRUE

45, 11, 92599, 621, 665, TRUE

45, 12, 92599, 621, 665, TRUE

45, 13, 92599, 621, 665, TRUE

45, 14, 92599, 621, 665, TRUE

45, 15, 92599, 621, 665, TRUE

45, 16, 92599, 621, 665, TRUE

45, 17, 92599, 621, 665, TRUE

45, 18, 92599, 621, 665, TRUE

45, 19, 92599, 621, 665, TRUE

46, 0, 311334, 648, 654, TRUE

46, 1, 95015, 627, 671, TRUE

46, 2, 92604, 622, 667, TRUE

46, 3, 92612, 623, 666, TRUE

46, 4, 92595, 620, 665, TRUE

46, 5, 92598, 620, 664, TRUE

46, 6, 92596, 620, 665, TRUE

46, 7, 92598, 620, 664, TRUE

46, 8, 92596, 620, 665, TRUE

46, 9, 92598, 620, 664, TRUE

46, 10, 92596, 620, 665, TRUE

46, 11, 92598, 620, 664, TRUE

46, 12, 92596, 620, 665, TRUE

46, 13, 92598, 620, 664, TRUE

46, 14, 92596, 620, 665, TRUE

46, 15, 92598, 620, 664, TRUE

46, 16, 92596, 620, 665, TRUE

46, 17, 92598, 620, 664, TRUE

46, 18, 92596, 620, 665, TRUE

46, 19, 92598, 620, 664, TRUE

47, 0, 311335, 648, 646, TRUE

47, 1, 97431, 631, 663, TRUE

47, 2, 92603, 623, 663, TRUE

47, 3, 92603, 623, 661, TRUE

47, 4, 92596, 620, 660, TRUE

47, 5, 92596, 620, 660, TRUE

47, 6, 92597, 620, 660, TRUE

47, 7, 92596, 620, 660, TRUE

47, 8, 92597, 620, 660, TRUE

47, 9, 92596, 620, 660, TRUE

47, 10, 92597, 620, 660, TRUE

47, 11, 92596, 620, 660, TRUE

47, 12, 92597, 620, 660, TRUE

47, 13, 92596, 620, 660, TRUE

47, 14, 92597, 620, 660, TRUE

47, 15, 92596, 620, 660, TRUE

47, 16, 92597, 620, 660, TRUE

47, 17, 92596, 620, 660, TRUE

47, 18, 92597, 620, 660, TRUE

47, 19, 92596, 620, 660, TRUE

48, 0, 311334, 652, 654, TRUE

48, 1, 95029, 629, 669, TRUE

48, 2, 92612, 623, 668, TRUE

48, 3, 92606, 623, 665, TRUE

48, 4, 92593, 620, 664, TRUE

48, 5, 92604, 620, 665, TRUE

48, 6, 92602, 620, 664, TRUE

48, 7, 92604, 620, 665, TRUE

48, 8, 92602, 620, 664, TRUE

48, 9, 92604, 620, 665, TRUE

48, 10, 92602, 620, 664, TRUE

48, 11, 92604, 620, 665, TRUE

48, 12, 92602, 620, 664, TRUE

48, 13, 92604, 620, 665, TRUE

48, 14, 92602, 620, 664, TRUE

48, 15, 92604, 620, 665, TRUE

48, 16, 92602, 620, 664, TRUE

48, 17, 92604, 620, 665, TRUE

48, 18, 92602, 620, 664, TRUE

48, 19, 92604, 620, 665, TRUE

49, 0, 311336, 649, 652, TRUE

49, 1, 97422, 624, 669, TRUE

49, 2, 92622, 627, 667, TRUE

49, 3, 92603, 622, 665, TRUE

49, 4, 92595, 621, 663, TRUE

49, 5, 92596, 619, 664, TRUE

49, 6, 92606, 621, 664, TRUE

49, 7, 92592, 619, 665, TRUE

49, 8, 92596, 621, 663, TRUE

49, 9, 92596, 619, 664, TRUE

49, 10, 92606, 621, 664, TRUE

49, 11, 92592, 619, 665, TRUE

49, 12, 92596, 621, 663, TRUE

49, 13, 92596, 619, 664, TRUE

49, 14, 92606, 621, 664, TRUE

49, 15, 92592, 619, 665, TRUE

49, 16, 92596, 621, 663, TRUE

49, 17, 92596, 619, 664, TRUE

49, 18, 92606, 621, 664, TRUE

49, 19, 92592, 619, 665, TRUE

50, 0, 311338, 649, 648, TRUE

50, 1, 95012, 627, 664, TRUE

50, 2, 92619, 627, 662, TRUE

50, 3, 92603, 623, 660, TRUE

50, 4, 92592, 621, 658, TRUE

50, 5, 92593, 619, 659, TRUE

50, 6, 92606, 621, 659, TRUE

50, 7, 92592, 619, 660, TRUE

50, 8, 92593, 621, 658, TRUE

50, 9, 92593, 619, 659, TRUE

50, 10, 92606, 621, 659, TRUE

50, 11, 92592, 619, 660, TRUE

50, 12, 92593, 621, 658, TRUE

50, 13, 92593, 619, 659, TRUE

50, 14, 92606, 621, 659, TRUE

50, 15, 92592, 619, 660, TRUE

50, 16, 92593, 621, 658, TRUE

50, 17, 92593, 619, 659, TRUE

50, 18, 92606, 621, 659, TRUE

50, 19, 92592, 619, 660, TRUE

51, 0, 311331, 651, 648, TRUE

51, 1, 97421, 627, 664, TRUE

51, 2, 92619, 627, 662, TRUE

51, 3, 92603, 623, 660, TRUE

51, 4, 92592, 621, 658, TRUE

51, 5, 92593, 619, 659, TRUE

51, 6, 92606, 621, 659, TRUE

51, 7, 92592, 619, 660, TRUE

51, 8, 92593, 621, 658, TRUE

51, 9, 92593, 619, 659, TRUE

51, 10, 92606, 621, 659, TRUE

51, 11, 92592, 619, 660, TRUE

51, 12, 92593, 621, 658, TRUE

51, 13, 92593, 619, 659, TRUE

51, 14, 92606, 621, 659, TRUE

51, 15, 92592, 619, 660, TRUE

51, 16, 92593, 621, 658, TRUE

51, 17, 92593, 619, 659, TRUE

51, 18, 92606, 621, 659, TRUE

51, 19, 92592, 619, 660, TRUE

52, 0, 311348, 649, 648, TRUE

52, 1, 95020, 631, 663, TRUE

52, 2, 92606, 623, 662, TRUE

52, 3, 92610, 623, 661, TRUE

52, 4, 92594, 620, 659, TRUE

52, 5, 92596, 620, 660, TRUE

52, 6, 92595, 620, 659, TRUE

52, 7, 92596, 620, 660, TRUE

52, 8, 92595, 620, 659, TRUE

52, 9, 92596, 620, 660, TRUE

52, 10, 92595, 620, 659, TRUE

52, 11, 92596, 620, 660, TRUE

52, 12, 92595, 620, 659, TRUE

52, 13, 92596, 620, 660, TRUE

52, 14, 92595, 620, 659, TRUE

52, 15, 92596, 620, 660, TRUE

52, 16, 92595, 620, 659, TRUE

52, 17, 92596, 620, 660, TRUE

52, 18, 92595, 620, 659, TRUE

52, 19, 92596, 620, 660, TRUE

53, 0, 311328, 650, 647, TRUE

53, 1, 97423, 628, 664, TRUE

53, 2, 92619, 627, 662, TRUE

53, 3, 92603, 623, 660, TRUE

53, 4, 92592, 621, 658, TRUE

53, 5, 92593, 619, 659, TRUE

53, 6, 92606, 621, 659, TRUE

53, 7, 92592, 619, 660, TRUE

53, 8, 92593, 621, 658, TRUE

53, 9, 92593, 619, 659, TRUE

53, 10, 92606, 621, 659, TRUE

53, 11, 92592, 619, 660, TRUE

53, 12, 92593, 621, 658, TRUE

53, 13, 92593, 619, 659, TRUE

53, 14, 92606, 621, 659, TRUE

53, 15, 92592, 619, 660, TRUE

53, 16, 92593, 621, 658, TRUE

53, 17, 92593, 619, 659, TRUE

53, 18, 92606, 621, 659, TRUE

53, 19, 92592, 619, 660, TRUE

54, 0, 311325, 649, 650, TRUE

54, 1, 95026, 630, 662, TRUE

54, 2, 92598, 621, 663, TRUE

54, 3, 92605, 623, 660, TRUE

54, 4, 92589, 618, 659, TRUE

54, 5, 92593, 617, 660, TRUE

54, 6, 92594, 619, 659, TRUE

54, 7, 92606, 621, 659, TRUE

54, 8, 92592, 619, 660, TRUE

54, 9, 92593, 621, 658, TRUE

54, 10, 92593, 619, 659, TRUE

54, 11, 92606, 621, 659, TRUE

54, 12, 92592, 619, 660, TRUE

54, 13, 92593, 621, 658, TRUE

54, 14, 92593, 619, 659, TRUE

54, 15, 92606, 621, 659, TRUE

54, 16, 92592, 619, 660, TRUE

54, 17, 92593, 621, 658, TRUE

54, 18, 92593, 619, 659, TRUE

54, 19, 92606, 621, 659, TRUE

55, 0, 311336, 652, 654, TRUE

55, 1, 97437, 629, 669, TRUE

55, 2, 92612, 623, 668, TRUE

55, 3, 92606, 623, 665, TRUE

55, 4, 92593, 620, 664, TRUE

55, 5, 92604, 620, 665, TRUE

55, 6, 92602, 620, 664, TRUE

55, 7, 92604, 620, 665, TRUE

55, 8, 92602, 620, 664, TRUE

55, 9, 92604, 620, 665, TRUE

55, 10, 92602, 620, 664, TRUE

55, 11, 92604, 620, 665, TRUE

55, 12, 92602, 620, 664, TRUE

55, 13, 92604, 620, 665, TRUE

55, 14, 92602, 620, 664, TRUE

55, 15, 92604, 620, 665, TRUE

55, 16, 92602, 620, 664, TRUE

55, 17, 92604, 620, 665, TRUE

55, 18, 92602, 620, 664, TRUE

55, 19, 92604, 620, 665, TRUE

56, 0, 311329, 647, 646, TRUE

56, 1, 95026, 631, 663, TRUE

56, 2, 92603, 623, 663, TRUE

56, 3, 92606, 624, 661, TRUE

56, 4, 92596, 620, 660, TRUE

56, 5, 92595, 620, 660, TRUE

56, 6, 92597, 620, 660, TRUE

56, 7, 92596, 620, 660, TRUE

56, 8, 92597, 620, 660, TRUE

56, 9, 92596, 620, 660, TRUE

56, 10, 92597, 620, 660, TRUE

56, 11, 92596, 620, 660, TRUE

56, 12, 92597, 620, 660, TRUE

56, 13, 92596, 620, 660, TRUE

56, 14, 92597, 620, 660, TRUE

56, 15, 92596, 620, 660, TRUE

56, 16, 92597, 620, 660, TRUE

56, 17, 92596, 620, 660, TRUE

56, 18, 92597, 620, 660, TRUE

56, 19, 92596, 620, 660, TRUE

57, 0, 311320, 649, 646, TRUE

57, 1, 97442, 631, 664, TRUE

57, 2, 92612, 623, 663, TRUE

57, 3, 92603, 623, 660, TRUE

57, 4, 92590, 620, 659, TRUE

57, 5, 92604, 620, 660, TRUE

57, 6, 92599, 620, 659, TRUE

57, 7, 92604, 620, 660, TRUE

57, 8, 92599, 620, 659, TRUE

57, 9, 92604, 620, 660, TRUE

57, 10, 92599, 620, 659, TRUE

57, 11, 92604, 620, 660, TRUE

57, 12, 92599, 620, 659, TRUE

57, 13, 92604, 620, 660, TRUE

57, 14, 92599, 620, 659, TRUE

57, 15, 92604, 620, 660, TRUE

57, 16, 92599, 620, 659, TRUE

57, 17, 92604, 620, 660, TRUE

57, 18, 92599, 620, 659, TRUE

57, 19, 92604, 620, 660, TRUE

58, 0, 311331, 652, 652, TRUE

58, 1, 95016, 625, 669, TRUE

58, 2, 92622, 627, 668, TRUE

58, 3, 92599, 622, 666, TRUE

58, 4, 92598, 621, 664, TRUE

58, 5, 92601, 619, 664, TRUE

58, 6, 92593, 619, 664, TRUE

58, 7, 92599, 621, 664, TRUE

58, 8, 92601, 619, 664, TRUE

58, 9, 92593, 619, 664, TRUE

58, 10, 92599, 621, 664, TRUE

58, 11, 92601, 619, 664, TRUE

58, 12, 92593, 619, 664, TRUE

58, 13, 92599, 621, 664, TRUE

58, 14, 92601, 619, 664, TRUE

58, 15, 92593, 619, 664, TRUE

58, 16, 92599, 621, 664, TRUE

58, 17, 92601, 619, 664, TRUE

58, 18, 92593, 619, 664, TRUE

58, 19, 92599, 621, 664, TRUE

59, 0, 311338, 648, 651, TRUE

59, 1, 97431, 630, 669, TRUE

59, 2, 92603, 623, 668, TRUE

59, 3, 92603, 623, 666, TRUE

59, 4, 92596, 620, 665, TRUE

59, 5, 92595, 620, 665, TRUE

59, 6, 92597, 620, 665, TRUE

59, 7, 92596, 620, 665, TRUE

59, 8, 92597, 620, 665, TRUE

59, 9, 92596, 620, 665, TRUE

59, 10, 92597, 620, 665, TRUE

59, 11, 92596, 620, 665, TRUE

59, 12, 92597, 620, 665, TRUE

59, 13, 92596, 620, 665, TRUE

59, 14, 92597, 620, 665, TRUE

59, 15, 92596, 620, 665, TRUE

59, 16, 92597, 620, 665, TRUE

59, 17, 92596, 620, 665, TRUE

59, 18, 92597, 620, 665, TRUE

59, 19, 92596, 620, 665, TRUE

60, 0, 311347, 651, 648, TRUE

60, 1, 97426, 627, 664, TRUE

60, 2, 92613, 626, 662, TRUE

60, 3, 92611, 623, 660, TRUE

60, 4, 92592, 619, 659, TRUE

60, 5, 92587, 619, 660, TRUE

60, 6, 92601, 621, 658, TRUE

60, 7, 92593, 619, 659, TRUE

60, 8, 92606, 621, 659, TRUE

60, 9, 92592, 619, 660, TRUE

60, 10, 92593, 621, 658, TRUE

60, 11, 92593, 619, 659, TRUE

60, 12, 92606, 621, 659, TRUE

60, 13, 92592, 619, 660, TRUE

60, 14, 92593, 621, 658, TRUE

60, 15, 92593, 619, 659, TRUE

60, 16, 92606, 621, 659, TRUE

60, 17, 92592, 619, 660, TRUE

60, 18, 92593, 621, 658, TRUE

60, 19, 92593, 619, 659, TRUE

61, 0, 311331, 651, 651, TRUE

61, 1, 92624, 629, 670, TRUE

61, 2, 92612, 623, 668, TRUE

61, 3, 92606, 623, 665, TRUE

61, 4, 92593, 620, 664, TRUE

61, 5, 92604, 620, 665, TRUE

61, 6, 92602, 620, 664, TRUE

61, 7, 92604, 620, 665, TRUE

61, 8, 92602, 620, 664, TRUE

61, 9, 92604, 620, 665, TRUE

61, 10, 92602, 620, 664, TRUE

61, 11, 92604, 620, 665, TRUE

61, 12, 92602, 620, 664, TRUE

61, 13, 92604, 620, 665, TRUE

61, 14, 92602, 620, 664, TRUE

61, 15, 92604, 620, 665, TRUE

61, 16, 92602, 620, 664, TRUE

61, 17, 92604, 620, 665, TRUE

61, 18, 92602, 620, 664, TRUE

61, 19, 92604, 620, 665, TRUE

62, 0, 311323, 650, 650, TRUE

62, 1, 97434, 632, 664, TRUE

62, 2, 92603, 623, 663, TRUE

62, 3, 92603, 623, 661, TRUE

62, 4, 92596, 620, 660, TRUE

62, 5, 92596, 620, 660, TRUE

62, 6, 92597, 620, 660, TRUE

62, 7, 92596, 620, 660, TRUE

62, 8, 92597, 620, 660, TRUE

62, 9, 92596, 620, 660, TRUE

62, 10, 92597, 620, 660, TRUE

62, 11, 92596, 620, 660, TRUE

62, 12, 92597, 620, 660, TRUE

62, 13, 92596, 620, 660, TRUE

62, 14, 92597, 620, 660, TRUE

62, 15, 92596, 620, 660, TRUE

62, 16, 92597, 620, 660, TRUE

62, 17, 92596, 620, 660, TRUE

62, 18, 92597, 620, 660, TRUE

62, 19, 92596, 620, 660, TRUE

63, 0, 308924, 647, 652, TRUE

63, 1, 92623, 631, 666, TRUE

63, 2, 92593, 621, 663, TRUE

63, 3, 92591, 620, 660, TRUE

63, 4, 92597, 620, 659, TRUE

63, 5, 92604, 620, 660, TRUE

63, 6, 92599, 620, 659, TRUE

63, 7, 92604, 620, 660, TRUE

63, 8, 92599, 620, 659, TRUE

63, 9, 92604, 620, 660, TRUE

63, 10, 92599, 620, 659, TRUE

63, 11, 92604, 620, 660, TRUE

63, 12, 92599, 620, 659, TRUE

63, 13, 92604, 620, 660, TRUE

63, 14, 92599, 620, 659, TRUE

63, 15, 92604, 620, 660, TRUE

63, 16, 92599, 620, 659, TRUE

63, 17, 92604, 620, 660, TRUE

63, 18, 92599, 620, 659, TRUE

63, 19, 92604, 620, 660, TRUE

64, 0, 311334, 652, 654, TRUE

64, 1, 97439, 629, 669, TRUE

64, 2, 92612, 623, 668, TRUE

64, 3, 92606, 623, 665, TRUE

64, 4, 92593, 620, 664, TRUE

64, 5, 92604, 620, 665, TRUE

64, 6, 92602, 620, 664, TRUE

64, 7, 92604, 620, 665, TRUE

64, 8, 92602, 620, 664, TRUE

64, 9, 92604, 620, 665, TRUE

64, 10, 92602, 620, 664, TRUE

64, 11, 92604, 620, 665, TRUE

64, 12, 92602, 620, 664, TRUE

64, 13, 92604, 620, 665, TRUE

64, 14, 92602, 620, 664, TRUE

64, 15, 92604, 620, 665, TRUE

64, 16, 92602, 620, 664, TRUE

64, 17, 92604, 620, 665, TRUE

64, 18, 92602, 620, 664, TRUE

64, 19, 92604, 620, 665, TRUE

65, 0, 311341, 649, 648, TRUE

65, 1, 95012, 627, 664, TRUE

65, 2, 92619, 627, 662, TRUE

65, 3, 92603, 623, 660, TRUE

65, 4, 92592, 621, 658, TRUE

65, 5, 92593, 619, 659, TRUE

65, 6, 92600, 619, 659, TRUE

65, 7, 92591, 619, 659, TRUE

65, 8, 92599, 621, 659, TRUE

65, 9, 92601, 619, 659, TRUE

65, 10, 92590, 619, 659, TRUE

65, 11, 92599, 621, 659, TRUE

65, 12, 92601, 619, 659, TRUE

65, 13, 92590, 619, 659, TRUE

65, 14, 92599, 621, 659, TRUE

65, 15, 92601, 619, 659, TRUE

65, 16, 92590, 619, 659, TRUE

65, 17, 92599, 621, 659, TRUE

65, 18, 92601, 619, 659, TRUE

65, 19, 92590, 619, 659, TRUE

66, 0, 311334, 651, 654, TRUE

66, 1, 97437, 629, 669, TRUE

66, 2, 92612, 623, 668, TRUE

66, 3, 92606, 623, 665, TRUE

66, 4, 92593, 620, 664, TRUE

66, 5, 92604, 620, 665, TRUE

66, 6, 92602, 620, 664, TRUE

66, 7, 92604, 620, 665, TRUE

66, 8, 92602, 620, 664, TRUE

66, 9, 92604, 620, 665, TRUE

66, 10, 92602, 620, 664, TRUE

66, 11, 92604, 620, 665, TRUE

66, 12, 92602, 620, 664, TRUE

66, 13, 92604, 620, 665, TRUE

66, 14, 92602, 620, 664, TRUE

66, 15, 92604, 620, 665, TRUE

66, 16, 92602, 620, 664, TRUE

66, 17, 92604, 620, 665, TRUE

66, 18, 92602, 620, 664, TRUE

66, 19, 92604, 620, 665, TRUE

67, 0, 311317, 648, 648, TRUE

67, 1, 95014, 628, 664, TRUE

67, 2, 92613, 625, 661, TRUE

67, 3, 92604, 623, 660, TRUE

67, 4, 92592, 621, 658, TRUE

67, 5, 92594, 619, 659, TRUE

67, 6, 92607, 621, 659, TRUE

67, 7, 92590, 619, 659, TRUE

67, 8, 92607, 621, 659, TRUE

67, 9, 92590, 619, 659, TRUE

67, 10, 92607, 621, 659, TRUE

67, 11, 92590, 619, 659, TRUE

67, 12, 92607, 621, 659, TRUE

67, 13, 92590, 619, 659, TRUE

67, 14, 92607, 621, 659, TRUE

67, 15, 92590, 619, 659, TRUE

67, 16, 92607, 621, 659, TRUE

67, 17, 92590, 619, 659, TRUE

67, 18, 92607, 621, 659, TRUE

67, 19, 92590, 619, 659, TRUE

68, 0, 311337, 650, 647, TRUE

68, 1, 97440, 631, 663, TRUE

68, 2, 92612, 623, 663, TRUE

68, 3, 92603, 623, 660, TRUE

68, 4, 92590, 620, 659, TRUE

68, 5, 92604, 620, 660, TRUE

68, 6, 92599, 620, 659, TRUE

68, 7, 92604, 620, 660, TRUE

68, 8, 92599, 620, 659, TRUE

68, 9, 92604, 620, 660, TRUE

68, 10, 92599, 620, 659, TRUE

68, 11, 92604, 620, 660, TRUE

68, 12, 92599, 620, 659, TRUE

68, 13, 92604, 620, 660, TRUE

68, 14, 92599, 620, 659, TRUE

68, 15, 92604, 620, 660, TRUE

68, 16, 92599, 620, 659, TRUE

68, 17, 92604, 620, 660, TRUE

68, 18, 92599, 620, 659, TRUE

68, 19, 92604, 620, 660, TRUE

69, 0, 311346, 652, 648, TRUE

69, 1, 95013, 627, 664, TRUE

69, 2, 92619, 627, 662, TRUE

69, 3, 92603, 623, 660, TRUE

69, 4, 92592, 621, 658, TRUE

69, 5, 92593, 619, 659, TRUE

69, 6, 92606, 621, 659, TRUE

69, 7, 92592, 619, 660, TRUE

69, 8, 92593, 621, 658, TRUE

69, 9, 92593, 619, 659, TRUE

69, 10, 92606, 621, 659, TRUE

69, 11, 92592, 619, 660, TRUE

69, 12, 92593, 621, 658, TRUE

69, 13, 92593, 619, 659, TRUE

69, 14, 92606, 621, 659, TRUE

69, 15, 92592, 619, 660, TRUE

69, 16, 92593, 621, 658, TRUE

69, 17, 92593, 619, 659, TRUE

69, 18, 92606, 621, 659, TRUE

69, 19, 92592, 619, 660, TRUE

70, 0, 311344, 652, 652, TRUE

70, 1, 97437, 629, 668, TRUE

70, 2, 92612, 623, 668, TRUE

70, 3, 92606, 623, 665, TRUE

70, 4, 92593, 620, 664, TRUE

70, 5, 92604, 620, 665, TRUE

70, 6, 92602, 620, 664, TRUE

70, 7, 92604, 620, 665, TRUE

70, 8, 92602, 620, 664, TRUE

70, 9, 92604, 620, 665, TRUE

70, 10, 92602, 620, 664, TRUE

70, 11, 92604, 620, 665, TRUE

70, 12, 92602, 620, 664, TRUE

70, 13, 92604, 620, 665, TRUE

70, 14, 92602, 620, 664, TRUE

70, 15, 92604, 620, 665, TRUE

70, 16, 92602, 620, 664, TRUE

70, 17, 92604, 620, 665, TRUE

70, 18, 92602, 620, 664, TRUE

70, 19, 92604, 620, 665, TRUE

71, 0, 311335, 648, 648, TRUE

71, 1, 95012, 627, 664, TRUE

71, 2, 92619, 627, 662, TRUE

71, 3, 92603, 623, 660, TRUE

71, 4, 92592, 621, 658, TRUE

71, 5, 92593, 619, 659, TRUE

71, 6, 92600, 619, 659, TRUE

71, 7, 92591, 619, 659, TRUE

71, 8, 92599, 621, 659, TRUE

71, 9, 92601, 619, 659, TRUE

71, 10, 92590, 619, 659, TRUE

71, 11, 92599, 621, 659, TRUE

71, 12, 92601, 619, 659, TRUE

71, 13, 92590, 619, 659, TRUE

71, 14, 92599, 621, 659, TRUE

71, 15, 92601, 619, 659, TRUE

71, 16, 92590, 619, 659, TRUE

71, 17, 92599, 621, 659, TRUE

71, 18, 92601, 619, 659, TRUE

71, 19, 92590, 619, 659, TRUE

72, 0, 311337, 652, 654, TRUE

72, 1, 97437, 629, 669, TRUE

72, 2, 92612, 623, 668, TRUE

72, 3, 92606, 623, 665, TRUE

72, 4, 92593, 620, 664, TRUE

72, 5, 92604, 620, 665, TRUE

72, 6, 92602, 620, 664, TRUE

72, 7, 92604, 620, 665, TRUE

72, 8, 92602, 620, 664, TRUE

72, 9, 92604, 620, 665, TRUE

72, 10, 92602, 620, 664, TRUE

72, 11, 92604, 620, 665, TRUE

72, 12, 92602, 620, 664, TRUE

72, 13, 92604, 620, 665, TRUE

72, 14, 92602, 620, 664, TRUE

72, 15, 92604, 620, 665, TRUE

72, 16, 92602, 620, 664, TRUE

72, 17, 92604, 620, 665, TRUE

72, 18, 92602, 620, 664, TRUE

72, 19, 92604, 620, 665, TRUE

73, 0, 311342, 650, 647, TRUE

73, 1, 97426, 627, 664, TRUE

73, 2, 92616, 627, 663, TRUE

73, 3, 92611, 623, 660, TRUE

73, 4, 92592, 619, 659, TRUE

73, 5, 92601, 619, 659, TRUE

73, 6, 92592, 619, 660, TRUE

73, 7, 92593, 621, 658, TRUE

73, 8, 92593, 619, 659, TRUE

73, 9, 92606, 621, 659, TRUE

73, 10, 92592, 619, 660, TRUE

73, 11, 92593, 621, 658, TRUE

73, 12, 92593, 619, 659, TRUE

73, 13, 92606, 621, 659, TRUE

73, 14, 92592, 619, 660, TRUE

73, 15, 92593, 621, 658, TRUE

73, 16, 92593, 619, 659, TRUE

73, 17, 92606, 621, 659, TRUE

73, 18, 92592, 619, 660, TRUE

73, 19, 92593, 621, 658, TRUE

74, 0, 311327, 647, 649, TRUE

74, 1, 95023, 629, 665, TRUE

74, 2, 92605, 624, 662, TRUE

74, 3, 92612, 624, 661, TRUE

74, 4, 92598, 621, 660, TRUE

74, 5, 92599, 621, 660, TRUE

74, 6, 92599, 621, 660, TRUE

74, 7, 92599, 621, 660, TRUE

74, 8, 92599, 621, 660, TRUE

74, 9, 92599, 621, 660, TRUE

74, 10, 92599, 621, 660, TRUE

74, 11, 92599, 621, 660, TRUE

74, 12, 92599, 621, 660, TRUE

74, 13, 92599, 621, 660, TRUE

74, 14, 92599, 621, 660, TRUE

74, 15, 92599, 621, 660, TRUE

74, 16, 92599, 621, 660, TRUE

74, 17, 92599, 621, 660, TRUE

74, 18, 92599, 621, 660, TRUE

74, 19, 92599, 621, 660, TRUE

75, 0, 311321, 647, 649, TRUE

75, 1, 97431, 629, 665, TRUE

75, 2, 92605, 624, 662, TRUE

75, 3, 92612, 624, 661, TRUE

75, 4, 92598, 621, 660, TRUE

75, 5, 92599, 621, 660, TRUE

75, 6, 92599, 621, 660, TRUE

75, 7, 92599, 621, 660, TRUE

75, 8, 92599, 621, 660, TRUE

75, 9, 92599, 621, 660, TRUE

75, 10, 92599, 621, 660, TRUE

75, 11, 92599, 621, 660, TRUE

75, 12, 92599, 621, 660, TRUE

75, 13, 92599, 621, 660, TRUE

75, 14, 92599, 621, 660, TRUE

75, 15, 92599, 621, 660, TRUE

75, 16, 92599, 621, 660, TRUE

75, 17, 92599, 621, 660, TRUE

75, 18, 92599, 621, 660, TRUE

75, 19, 92599, 621, 660, TRUE

76, 0, 311319, 648, 646, TRUE

76, 1, 97424, 629, 665, TRUE

76, 2, 92608, 623, 664, TRUE

76, 3, 92611, 625, 661, TRUE

76, 4, 92598, 621, 661, TRUE

76, 5, 92599, 621, 661, TRUE

76, 6, 92599, 621, 661, TRUE

76, 7, 92599, 621, 661, TRUE

76, 8, 92599, 621, 661, TRUE

76, 9, 92599, 621, 661, TRUE

76, 10, 92599, 621, 661, TRUE

76, 11, 92599, 621, 661, TRUE

76, 12, 92599, 621, 661, TRUE

76, 13, 92599, 621, 661, TRUE

76, 14, 92599, 621, 661, TRUE

76, 15, 92599, 621, 661, TRUE

76, 16, 92599, 621, 661, TRUE

76, 17, 92599, 621, 661, TRUE

76, 18, 92599, 621, 661, TRUE

76, 19, 92599, 621, 661, TRUE

77, 0, 311329, 651, 647, TRUE

77, 1, 95013, 627, 664, TRUE

77, 2, 92619, 627, 662, TRUE

77, 3, 92603, 623, 660, TRUE

77, 4, 92592, 621, 658, TRUE

77, 5, 92593, 619, 659, TRUE

77, 6, 92606, 621, 659, TRUE

77, 7, 92592, 619, 660, TRUE

77, 8, 92593, 621, 658, TRUE

77, 9, 92593, 619, 659, TRUE

77, 10, 92606, 621, 659, TRUE

77, 11, 92592, 619, 660, TRUE

77, 12, 92593, 621, 658, TRUE

77, 13, 92593, 619, 659, TRUE

77, 14, 92606, 621, 659, TRUE

77, 15, 92592, 619, 660, TRUE

77, 16, 92593, 621, 658, TRUE

77, 17, 92593, 619, 659, TRUE

77, 18, 92606, 621, 659, TRUE

77, 19, 92592, 619, 660, TRUE

78, 0, 311339, 653, 652, TRUE

78, 1, 97440, 630, 669, TRUE

78, 2, 92612, 623, 668, TRUE

78, 3, 92606, 623, 665, TRUE

78, 4, 92593, 620, 664, TRUE

78, 5, 92604, 620, 665, TRUE

78, 6, 92602, 620, 664, TRUE

78, 7, 92604, 620, 665, TRUE

78, 8, 92602, 620, 664, TRUE

78, 9, 92604, 620, 665, TRUE

78, 10, 92602, 620, 664, TRUE

78, 11, 92604, 620, 665, TRUE

78, 12, 92602, 620, 664, TRUE

78, 13, 92604, 620, 665, TRUE

78, 14, 92602, 620, 664, TRUE

78, 15, 92604, 620, 665, TRUE

78, 16, 92602, 620, 664, TRUE

78, 17, 92604, 620, 665, TRUE

78, 18, 92602, 620, 664, TRUE

78, 19, 92604, 620, 665, TRUE

79, 0, 311340, 649, 648, TRUE

79, 1, 95022, 631, 663, TRUE

79, 2, 92606, 623, 662, TRUE

79, 3, 92610, 623, 661, TRUE

79, 4, 92594, 620, 659, TRUE

79, 5, 92596, 620, 660, TRUE

79, 6, 92595, 620, 659, TRUE

79, 7, 92596, 620, 660, TRUE

79, 8, 92595, 620, 659, TRUE

79, 9, 92596, 620, 660, TRUE

79, 10, 92595, 620, 659, TRUE

79, 11, 92596, 620, 660, TRUE

79, 12, 92595, 620, 659, TRUE

79, 13, 92596, 620, 660, TRUE

79, 14, 92595, 620, 659, TRUE

79, 15, 92596, 620, 660, TRUE

79, 16, 92595, 620, 659, TRUE

79, 17, 92596, 620, 660, TRUE

79, 18, 92595, 620, 659, TRUE

79, 19, 92596, 620, 660, TRUE

80, 0, 311331, 651, 649, TRUE

80, 1, 97437, 630, 664, TRUE

80, 2, 92612, 623, 663, TRUE

80, 3, 92606, 624, 660, TRUE

80, 4, 92590, 620, 659, TRUE

80, 5, 92604, 620, 660, TRUE

80, 6, 92599, 620, 659, TRUE

80, 7, 92604, 620, 660, TRUE

80, 8, 92599, 620, 659, TRUE

80, 9, 92604, 620, 660, TRUE

80, 10, 92599, 620, 659, TRUE

80, 11, 92604, 620, 660, TRUE

80, 12, 92599, 620, 659, TRUE

80, 13, 92604, 620, 660, TRUE

80, 14, 92599, 620, 659, TRUE

80, 15, 92604, 620, 660, TRUE

80, 16, 92599, 620, 659, TRUE

80, 17, 92604, 620, 660, TRUE

80, 18, 92599, 620, 659, TRUE

80, 19, 92604, 620, 660, TRUE

81, 0, 311325, 650, 646, TRUE

81, 1, 95032, 631, 663, TRUE

81, 2, 92612, 623, 663, TRUE

81, 3, 92603, 623, 660, TRUE

81, 4, 92590, 620, 659, TRUE

81, 5, 92604, 620, 660, TRUE

81, 6, 92599, 620, 659, TRUE

81, 7, 92604, 620, 660, TRUE

81, 8, 92599, 620, 659, TRUE

81, 9, 92604, 620, 660, TRUE

81, 10, 92599, 620, 659, TRUE

81, 11, 92604, 620, 660, TRUE

81, 12, 92599, 620, 659, TRUE

81, 13, 92604, 620, 660, TRUE

81, 14, 92599, 620, 659, TRUE

81, 15, 92604, 620, 660, TRUE

81, 16, 92599, 620, 659, TRUE

81, 17, 92604, 620, 660, TRUE

81, 18, 92599, 620, 659, TRUE

81, 19, 92604, 620, 660, TRUE

82, 0, 311323, 649, 646, TRUE

82, 1, 97440, 631, 663, TRUE

82, 2, 92612, 623, 663, TRUE

82, 3, 92606, 624, 660, TRUE

82, 4, 92590, 620, 659, TRUE

82, 5, 92604, 620, 660, TRUE

82, 6, 92599, 620, 659, TRUE

82, 7, 92604, 620, 660, TRUE

82, 8, 92599, 620, 659, TRUE

82, 9, 92604, 620, 660, TRUE

82, 10, 92599, 620, 659, TRUE

82, 11, 92604, 620, 660, TRUE

82, 12, 92599, 620, 659, TRUE

82, 13, 92604, 620, 660, TRUE

82, 14, 92599, 620, 659, TRUE

82, 15, 92604, 620, 660, TRUE

82, 16, 92599, 620, 659, TRUE

82, 17, 92604, 620, 660, TRUE

82, 18, 92599, 620, 659, TRUE

82, 19, 92604, 620, 660, TRUE

83, 0, 311335, 652, 649, TRUE

83, 1, 95013, 627, 664, TRUE

83, 2, 92619, 627, 662, TRUE

83, 3, 92603, 623, 660, TRUE

83, 4, 92592, 621, 658, TRUE

83, 5, 92593, 619, 659, TRUE

83, 6, 92606, 621, 659, TRUE

83, 7, 92592, 619, 660, TRUE

83, 8, 92593, 621, 658, TRUE

83, 9, 92593, 619, 659, TRUE

83, 10, 92606, 621, 659, TRUE

83, 11, 92592, 619, 660, TRUE

83, 12, 92593, 621, 658, TRUE

83, 13, 92593, 619, 659, TRUE

83, 14, 92606, 621, 659, TRUE

83, 15, 92592, 619, 660, TRUE

83, 16, 92593, 621, 658, TRUE

83, 17, 92593, 619, 659, TRUE

83, 18, 92606, 621, 659, TRUE

83, 19, 92592, 619, 660, TRUE

84, 0, 311328, 651, 648, TRUE

84, 1, 97423, 627, 664, TRUE

84, 2, 92622, 627, 663, TRUE

84, 3, 92602, 623, 661, TRUE

84, 4, 92598, 621, 659, TRUE

84, 5, 92601, 619, 659, TRUE

84, 6, 92592, 619, 660, TRUE

84, 7, 92593, 621, 658, TRUE

84, 8, 92593, 619, 659, TRUE

84, 9, 92606, 621, 659, TRUE

84, 10, 92592, 619, 660, TRUE

84, 11, 92593, 621, 658, TRUE

84, 12, 92593, 619, 659, TRUE

84, 13, 92606, 621, 659, TRUE

84, 14, 92592, 619, 660, TRUE

84, 15, 92593, 621, 658, TRUE

84, 16, 92593, 619, 659, TRUE

84, 17, 92606, 621, 659, TRUE

84, 18, 92592, 619, 660, TRUE

84, 19, 92593, 621, 658, TRUE

85, 0, 311338, 653, 653, TRUE

85, 1, 95019, 627, 669, TRUE

85, 2, 92618, 627, 670, TRUE

85, 3, 92615, 625, 665, TRUE

85, 4, 92592, 619, 664, TRUE

85, 5, 92587, 619, 665, TRUE

85, 6, 92602, 621, 663, TRUE

85, 7, 92593, 619, 664, TRUE

85, 8, 92600, 619, 664, TRUE

85, 9, 92594, 619, 664, TRUE

85, 10, 92599, 621, 664, TRUE

85, 11, 92601, 619, 664, TRUE

85, 12, 92593, 619, 664, TRUE

85, 13, 92599, 621, 664, TRUE

85, 14, 92601, 619, 664, TRUE

85, 15, 92593, 619, 664, TRUE

85, 16, 92599, 621, 664, TRUE

85, 17, 92601, 619, 664, TRUE

85, 18, 92593, 619, 664, TRUE

85, 19, 92599, 621, 664, TRUE

86, 0, 311346, 649, 652, TRUE

86, 1, 97422, 626, 669, TRUE

86, 2, 92622, 627, 667, TRUE

86, 3, 92603, 622, 665, TRUE

86, 4, 92595, 621, 663, TRUE

86, 5, 92596, 619, 664, TRUE

86, 6, 92606, 621, 664, TRUE

86, 7, 92592, 619, 665, TRUE

86, 8, 92596, 621, 663, TRUE

86, 9, 92596, 619, 664, TRUE

86, 10, 92606, 621, 664, TRUE

86, 11, 92592, 619, 665, TRUE

86, 12, 92596, 621, 663, TRUE

86, 13, 92596, 619, 664, TRUE

86, 14, 92606, 621, 664, TRUE

86, 15, 92592, 619, 665, TRUE

86, 16, 92596, 621, 663, TRUE

86, 17, 92596, 619, 664, TRUE

86, 18, 92606, 621, 664, TRUE

86, 19, 92592, 619, 665, TRUE

87, 0, 311324, 647, 649, TRUE

87, 1, 95023, 629, 669, TRUE

87, 2, 92603, 623, 668, TRUE

87, 3, 92603, 623, 666, TRUE

87, 4, 92596, 620, 665, TRUE

87, 5, 92596, 620, 665, TRUE

87, 6, 92597, 620, 665, TRUE

87, 7, 92596, 620, 665, TRUE

87, 8, 92597, 620, 665, TRUE

87, 9, 92596, 620, 665, TRUE

87, 10, 92597, 620, 665, TRUE

87, 11, 92596, 620, 665, TRUE

87, 12, 92597, 620, 665, TRUE

87, 13, 92596, 620, 665, TRUE

87, 14, 92597, 620, 665, TRUE

87, 15, 92596, 620, 665, TRUE

87, 16, 92597, 620, 665, TRUE

87, 17, 92596, 620, 665, TRUE

87, 18, 92597, 620, 665, TRUE

87, 19, 92596, 620, 665, TRUE

88, 0, 311338, 651, 654, TRUE

88, 1, 97429, 629, 669, TRUE

88, 2, 92612, 623, 668, TRUE

88, 3, 92606, 623, 665, TRUE

88, 4, 92593, 620, 664, TRUE

88, 5, 92604, 620, 665, TRUE

88, 6, 92602, 620, 664, TRUE

88, 7, 92604, 620, 665, TRUE

88, 8, 92602, 620, 664, TRUE

88, 9, 92604, 620, 665, TRUE

88, 10, 92602, 620, 664, TRUE

88, 11, 92604, 620, 665, TRUE

88, 12, 92602, 620, 664, TRUE

88, 13, 92604, 620, 665, TRUE

88, 14, 92602, 620, 664, TRUE

88, 15, 92604, 620, 665, TRUE

88, 16, 92602, 620, 664, TRUE

88, 17, 92604, 620, 665, TRUE

88, 18, 92602, 620, 664, TRUE

88, 19, 92604, 620, 665, TRUE

89, 0, 311318, 649, 651, TRUE

89, 1, 95026, 630, 669, TRUE

89, 2, 92603, 623, 668, TRUE

89, 3, 92603, 623, 666, TRUE

89, 4, 92596, 620, 665, TRUE

89, 5, 92595, 620, 665, TRUE

89, 6, 92597, 620, 665, TRUE

89, 7, 92596, 620, 665, TRUE

89, 8, 92597, 620, 665, TRUE

89, 9, 92596, 620, 665, TRUE

89, 10, 92597, 620, 665, TRUE

89, 11, 92596, 620, 665, TRUE

89, 12, 92597, 620, 665, TRUE

89, 13, 92596, 620, 665, TRUE

89, 14, 92597, 620, 665, TRUE

89, 15, 92596, 620, 665, TRUE

89, 16, 92597, 620, 665, TRUE

89, 17, 92596, 620, 665, TRUE

89, 18, 92597, 620, 665, TRUE

89, 19, 92596, 620, 665, TRUE

90, 0, 311327, 650, 646, TRUE

90, 1, 97428, 630, 663, TRUE

90, 2, 92603, 623, 663, TRUE

90, 3, 92603, 623, 661, TRUE

90, 4, 92596, 620, 660, TRUE

90, 5, 92596, 620, 660, TRUE

90, 6, 92597, 620, 660, TRUE

90, 7, 92596, 620, 660, TRUE

90, 8, 92597, 620, 660, TRUE

90, 9, 92596, 620, 660, TRUE

90, 10, 92597, 620, 660, TRUE

90, 11, 92596, 620, 660, TRUE

90, 12, 92597, 620, 660, TRUE

90, 13, 92596, 620, 660, TRUE

90, 14, 92597, 620, 660, TRUE

90, 15, 92596, 620, 660, TRUE

90, 16, 92597, 620, 660, TRUE

90, 17, 92596, 620, 660, TRUE

90, 18, 92597, 620, 660, TRUE

90, 19, 92596, 620, 660, TRUE

91, 0, 311338, 651, 648, TRUE

91, 1, 95013, 627, 664, TRUE

91, 2, 92619, 627, 662, TRUE

91, 3, 92603, 623, 660, TRUE

91, 4, 92592, 621, 658, TRUE

91, 5, 92593, 619, 659, TRUE

91, 6, 92600, 619, 659, TRUE

91, 7, 92591, 619, 659, TRUE

91, 8, 92599, 621, 659, TRUE

91, 9, 92601, 619, 659, TRUE

91, 10, 92590, 619, 659, TRUE

91, 11, 92599, 621, 659, TRUE

91, 12, 92601, 619, 659, TRUE

91, 13, 92590, 619, 659, TRUE

91, 14, 92599, 621, 659, TRUE

91, 15, 92601, 619, 659, TRUE

91, 16, 92590, 619, 659, TRUE

91, 17, 92599, 621, 659, TRUE

91, 18, 92601, 619, 659, TRUE

91, 19, 92590, 619, 659, TRUE

92, 0, 311331, 650, 654, TRUE

92, 1, 97435, 629, 669, TRUE

92, 2, 92612, 623, 668, TRUE

92, 3, 92606, 623, 665, TRUE

92, 4, 92593, 620, 664, TRUE

92, 5, 92604, 620, 665, TRUE

92, 6, 92602, 620, 664, TRUE

92, 7, 92604, 620, 665, TRUE

92, 8, 92602, 620, 664, TRUE

92, 9, 92604, 620, 665, TRUE

92, 10, 92602, 620, 664, TRUE

92, 11, 92604, 620, 665, TRUE

92, 12, 92602, 620, 664, TRUE

92, 13, 92604, 620, 665, TRUE

92, 14, 92602, 620, 664, TRUE

92, 15, 92604, 620, 665, TRUE

92, 16, 92602, 620, 664, TRUE

92, 17, 92604, 620, 665, TRUE

92, 18, 92602, 620, 664, TRUE

92, 19, 92604, 620, 665, TRUE

93, 0, 311344, 650, 654, TRUE

93, 1, 95011, 627, 668, TRUE

93, 2, 92612, 623, 668, TRUE

93, 3, 92606, 623, 665, TRUE

93, 4, 92593, 620, 664, TRUE

93, 5, 92604, 620, 665, TRUE

93, 6, 92602, 620, 664, TRUE

93, 7, 92604, 620, 665, TRUE

93, 8, 92602, 620, 664, TRUE

93, 9, 92604, 620, 665, TRUE

93, 10, 92602, 620, 664, TRUE

93, 11, 92604, 620, 665, TRUE

93, 12, 92602, 620, 664, TRUE

93, 13, 92604, 620, 665, TRUE

93, 14, 92602, 620, 664, TRUE

93, 15, 92604, 620, 665, TRUE

93, 16, 92602, 620, 664, TRUE

93, 17, 92604, 620, 665, TRUE

93, 18, 92602, 620, 664, TRUE

93, 19, 92604, 620, 665, TRUE

94, 0, 311348, 650, 654, TRUE

94, 1, 97424, 628, 669, TRUE

94, 2, 92612, 623, 668, TRUE

94, 3, 92606, 623, 665, TRUE

94, 4, 92593, 620, 664, TRUE

94, 5, 92604, 620, 665, TRUE

94, 6, 92602, 620, 664, TRUE

94, 7, 92604, 620, 665, TRUE

94, 8, 92602, 620, 664, TRUE

94, 9, 92604, 620, 665, TRUE

94, 10, 92602, 620, 664, TRUE

94, 11, 92604, 620, 665, TRUE

94, 12, 92602, 620, 664, TRUE

94, 13, 92604, 620, 665, TRUE

94, 14, 92602, 620, 664, TRUE

94, 15, 92604, 620, 665, TRUE

94, 16, 92602, 620, 664, TRUE

94, 17, 92604, 620, 665, TRUE

94, 18, 92602, 620, 664, TRUE

94, 19, 92604, 620, 665, TRUE

95, 0, 311348, 650, 649, TRUE

95, 1, 95019, 630, 662, TRUE

95, 2, 92606, 623, 662, TRUE

95, 3, 92610, 623, 661, TRUE

95, 4, 92594, 620, 659, TRUE

95, 5, 92604, 620, 660, TRUE

95, 6, 92599, 620, 659, TRUE

95, 7, 92604, 620, 660, TRUE

95, 8, 92599, 620, 659, TRUE

95, 9, 92604, 620, 660, TRUE

95, 10, 92599, 620, 659, TRUE

95, 11, 92604, 620, 660, TRUE

95, 12, 92599, 620, 659, TRUE

95, 13, 92604, 620, 660, TRUE

95, 14, 92599, 620, 659, TRUE

95, 15, 92604, 620, 660, TRUE

95, 16, 92599, 620, 659, TRUE

95, 17, 92604, 620, 660, TRUE

95, 18, 92599, 620, 659, TRUE

95, 19, 92604, 620, 660, TRUE

96, 0, 311322, 649, 649, TRUE

96, 1, 97439, 630, 664, TRUE

96, 2, 92612, 623, 663, TRUE

96, 3, 92606, 624, 660, TRUE

96, 4, 92590, 620, 659, TRUE

96, 5, 92604, 620, 660, TRUE

96, 6, 92599, 620, 659, TRUE

96, 7, 92604, 620, 660, TRUE

96, 8, 92599, 620, 659, TRUE

96, 9, 92604, 620, 660, TRUE

96, 10, 92599, 620, 659, TRUE

96, 11, 92604, 620, 660, TRUE

96, 12, 92599, 620, 659, TRUE

96, 13, 92604, 620, 660, TRUE

96, 14, 92599, 620, 659, TRUE

96, 15, 92604, 620, 660, TRUE

96, 16, 92599, 620, 659, TRUE

96, 17, 92604, 620, 660, TRUE

96, 18, 92599, 620, 659, TRUE

96, 19, 92604, 620, 660, TRUE

97, 0, 311327, 651, 651, TRUE

97, 1, 97434, 631, 666, TRUE

97, 2, 92612, 623, 666, TRUE

97, 3, 92606, 624, 663, TRUE

97, 4, 92590, 620, 662, TRUE

97, 5, 92604, 620, 663, TRUE

97, 6, 92599, 620, 662, TRUE

97, 7, 92604, 620, 663, TRUE

97, 8, 92599, 620, 662, TRUE

97, 9, 92604, 620, 663, TRUE

97, 10, 92599, 620, 662, TRUE

97, 11, 92604, 620, 663, TRUE

97, 12, 92599, 620, 662, TRUE

97, 13, 92604, 620, 663, TRUE

97, 14, 92599, 620, 662, TRUE

97, 15, 92604, 620, 663, TRUE

97, 16, 92599, 620, 662, TRUE

97, 17, 92604, 620, 663, TRUE

97, 18, 92599, 620, 662, TRUE

97, 19, 92604, 620, 663, TRUE

98, 0, 311338, 649, 646, TRUE

98, 1, 95023, 631, 663, TRUE

98, 2, 92603, 623, 663, TRUE

98, 3, 92603, 623, 661, TRUE

98, 4, 92596, 620, 660, TRUE

98, 5, 92595, 620, 660, TRUE

98, 6, 92596, 620, 660, TRUE

98, 7, 92595, 620, 660, TRUE

98, 8, 92596, 620, 660, TRUE

98, 9, 92595, 620, 660, TRUE

98, 10, 92596, 620, 660, TRUE

98, 11, 92595, 620, 660, TRUE

98, 12, 92596, 620, 660, TRUE

98, 13, 92595, 620, 660, TRUE

98, 14, 92596, 620, 660, TRUE

98, 15, 92595, 620, 660, TRUE

98, 16, 92596, 620, 660, TRUE

98, 17, 92595, 620, 660, TRUE

98, 18, 92596, 620, 660, TRUE

98, 19, 92595, 620, 660, TRUE

99, 0, 311333, 651, 651, TRUE

99, 1, 97440, 631, 664, TRUE

99, 2, 92612, 623, 663, TRUE

99, 3, 92606, 624, 660, TRUE

99, 4, 92590, 620, 659, TRUE

99, 5, 92604, 620, 660, TRUE

99, 6, 92599, 620, 659, TRUE

99, 7, 92604, 620, 660, TRUE

99, 8, 92599, 620, 659, TRUE

99, 9, 92604, 620, 660, TRUE

99, 10, 92599, 620, 659, TRUE

99, 11, 92604, 620, 660, TRUE

99, 12, 92599, 620, 659, TRUE

99, 13, 92604, 620, 660, TRUE

99, 14, 92599, 620, 659, TRUE

99, 15, 92604, 620, 660, TRUE

99, 16, 92599, 620, 659, TRUE

99, 17, 92604, 620, 660, TRUE

99, 18, 92599, 620, 659, TRUE

99, 19, 92604, 620, 660, TRUE

